MAR,Label
2.2782952253207482,1
1.2360267623667784,1
1.5153014734155856,1
1.4583923679676354,1
1.48759136894569,1
1.519584604086972,1
1.3999544715587384,1
1.9647266291913257,1
2.1565532005346895,1
2.013335040290408,1
1.9845697790317833,1
1.9726446870645027,1
1.2710363789847332,1
1.7499533782233985,1
1.7118521833714013,1
1.3406285871734007,1
1.539389624705572,1
1.411816423758403,1
1.574424262374884,1
1.6221740430617053,1
1.6061463278912398,1
1.609011301310352,1
1.5585682365088374,1
1.2904610545826083,1
1.6364269690086846,1
1.4274079826087192,1
1.348964800891752,1
1.5756639421942455,1
1.5406163515475582,1
1.3594567127132333,1
1.6047495229567887,1
1.7794629438808491,1
1.6568604850008914,1
1.679596229554716,1
1.2334145715332667,1
1.7506765239037092,1
1.970902912097924,1
1.6182183825794865,1
1.5465980227717036,1
1.8635289694928685,1
1.7272071500463049,1
1.1752033342512358,1
1.1860177722240357,1
1.2704384411448897,1
1.5395567209194612,1
1.201514067785828,1
1.3778495009575364,1
1.610519961943562,1
1.4239997519070116,1
1.380684784737561,1
1.1394708232288684,1
1.0728416577443813,1
1.1327335477608456,1
1.0366941232221718,1
1.0156350554016174,1
0.7228335084977827,1
1.190331107372987,1
0.7173547050976691,1
1.081432549351519,1
1.1585539197426016,1
1.5442169365717984,1
2.419422992282352,1
2.491357773133344,1
2.6148066103806493,1
2.2549704488187015,1
1.4362028864334144,1
2.051401913054471,1
1.2045761981615928,1
2.174983682752272,1
2.2727608104319534,1
2.2557975946943443,1
2.208685577500321,1
1.9544326030826082,1
0.8975079454664815,1
1.0695955207593852,1
0.8832443888051371,1
1.2311368746461941,1
1.3884489620835134,1
1.4316636113875276,1
0.9203702213526295,1
1.3980609384253986,1
1.562665240184536,1
1.212875761557593,1
1.1758856600525018,1
1.299289159433903,1
1.264684301496692,1
1.662899687773466,1
1.6931887503450216,1
1.7060800338960698,1
1.2973236659957341,1
1.4291031107063183,1
1.581131029500557,1
1.5416557704411882,1
1.3958771815026192,1
1.1976060277120635,1
1.42800377151701,1
1.6193822532695226,1
1.4349383785504655,1
1.3952386069681941,1
1.5086843986638265,1
0.9743436237547887,1
1.597620802760519,1
1.1118444929090012,1
1.5128758565243245,1
1.2259104391060023,1
1.5441284666352937,1
1.715529121249497,1
1.6399534463094358,1
1.095059847809092,1
1.8086093882680159,1
2.104827141395199,1
1.9435053786402974,1
1.4497338760029872,1
1.3158494469796074,1
2.5570390142899093,1
2.112256791631902,1
2.053540880390773,1
1.8295558279186628,1
2.3793534931392886,1
2.5605684293602047,1
1.3023263839604071,1
2.3876062943388248,1
2.13051663277922,1
1.5955338423694785,1
1.622142707354622,1
1.866342051473707,1
2.1289362106912337,1
1.1903616231699408,1
1.1541710807645542,1
1.150133191700349,1
1.001287945144141,1
1.4722674166084315,1
1.5359846639867303,1
1.5655550245082288,1
1.6980324669343778,1
1.3076934134341316,1
1.845802164075468,1
1.8639565046231321,1
1.868836020523534,1
1.5590192394593576,1
1.241464905325411,1
1.6737123119119084,1
1.6426166752368447,1
1.538892608558746,1
1.6695643269231444,1
1.5141372100520953,1
1.803459971256492,1
1.831458067669711,1
1.9663391203300136,1
1.4772743825140895,1
1.6872509611423767,1
1.710150585283845,1
1.1144233464527304,1
1.1894082133959225,1
1.4287326658664075,1
1.2945574671423359,1
1.2798129026219878,1
0.9757007267395701,1
1.2671772139091542,1
1.8351707117752984,1
1.8214351004237528,1
1.3088003161691846,1
1.82770645536099,1
1.790267675383133,1
2.3843308780783725,1
2.5430087360900053,1
2.5661944733162922,1
1.2213440620470901,1
2.5029768803556096,1
2.2095833757664987,1
0.74462439982369,1
1.2132767702676415,1
1.4353736686333878,1
1.3918308658474468,1
1.2317523269294943,1
1.4636012242462884,1
1.683851538651926,1
1.3565501355870064,1
1.4409303595586742,1
1.3958068352290667,1
1.2705912293081554,1
1.0035611272050489,1
0.9287357977523152,1
1.7635385846735667,1
1.3457521964465848,1
2.1283174079334066,1
1.3619310574988017,1
1.3492315324579873,1
1.4604544472629208,1
1.6381944152948094,1
1.4484163307235756,1
1.9575563809075072,1
1.235314546677437,1
2.134345728954292,1
2.5186103126549733,1
2.401817184811279,1
2.2338274905281263,1
2.4692099466023434,1
2.381276341087463,1
1.4342043216519182,1
2.049876221364017,1
2.592156901202014,1
2.653119694613772,1
1.6231313537989553,1
2.3509626724924533,1
1.8572728714654871,1
1.781861621995457,1
2.0500385938975327,1
2.080632487433759,1
2.239888732162984,1
1.6671916352289022,1
1.823617071797372,1
2.5237949922855676,1
2.359810921402399,1
2.153696509499995,1
2.0599771456956493,1
2.0853334443143936,1
2.11721450848887,1
1.1443911345696534,1
1.8192147014164188,1
1.2684214289934406,1
2.752459464076071,1
1.0422156290710776,1
1.9667855453939713,1
0.9783196993133529,1
1.4352855401870683,1
1.190399107515868,1
1.5645235495143643,1
1.6346272988508537,1
1.490460665643748,1
1.3003269408564044,1
0.7980815076482711,1
1.2013757163832517,1
1.3925449528922893,1
0.884441874723409,1
2.1336345049090113,1
1.7203599692495701,1
1.5451058101006523,1
0.9860686926216093,1
1.8752511540218735,1
1.4452695824670914,1
2.007124683575316,1
2.7983311612785653,1
2.6088586323898095,1
1.7906292069447527,1
1.6914192074158028,1
0.9848668264214464,1
1.2656596045285724,1
1.4155557244362158,1
0.8802389951505442,1
1.3810454813823503,1
1.436394432570071,1
1.3460666863580595,1
1.107411555244722,1
0.8516195720824569,1
1.9862630156597363,1
1.1788742270092456,1
0.8244977173233592,1
0.7499600769724148,1
1.2085441782786073,1
2.367716478646801,1
2.4297410232620984,1
1.6207315390627743,1
1.9489022921148462,1
1.9772287572273615,1
1.4030214002808183,1
1.797235951481028,1
1.3667492585178977,1
2.091684513624695,1
2.3173768363348124,1
1.865633893018201,1
1.8272068489204916,1
1.5798433943201589,1
2.2521849163795014,1
1.4866872907139923,1
1.6507052720535567,1
1.5462147158372888,1
2.633620743042537,1
1.7396252932709029,1
1.2225489885895382,1
1.6771094928974912,1
1.8768762049150667,1
2.085339127013426,1
1.0605243146863184,1
2.2783095147403225,1
2.385151312689251,1
2.2871766646573524,1
2.2816828897180814,1
1.7105631725007409,1
2.3574654470030545,1
2.630754326116784,1
2.494427661646984,1
2.1402550093422468,1
2.2841241177849105,1
1.605362374294813,1
1.779671424335071,1
2.146541108033859,1
1.8624855989342546,1
1.9530978032260222,1
2.1488103275998136,1
1.2071688673579823,1
2.9652168491726387,1
2.2892951964237405,1
2.2069632853359327,1
1.9159937235125244,1
1.7561059577293465,1
2.3213104373369817,1
2.547411939921689,1
2.5187173988879614,1
1.2758459434878444,1
1.457053163499148,1
1.9625434454850712,1
0.7628719659366093,1
1.923853696722868,1
1.920112081337163,1
1.7549256631891426,1
1.7528578401735782,1
2.245911386513733,1
2.030868131335163,1
1.9451429880108202,1
1.1523957492047314,1
1.8082957183309074,1
1.7128175839378814,1
1.752135771571643,1
1.7015457537913292,1
1.7130700079650398,1
1.8632789351161152,1
1.2758844328881114,1
1.7273947280599742,1
1.8238422131430618,1
1.6961648094567199,1
1.2832579177063799,1
1.5210482069069788,1
1.6569425031781773,1
1.7422848552269967,1
1.7337083784272094,1
0.9523797639607019,1
1.097261393400984,1
1.6183845977855278,1
1.6222470277155572,1
1.6795271684962167,1
1.6730122831823464,1
1.2455283268126185,1
0.3356350017092825,1
0.34033985512518516,1
1.1214171234813417,1
2.3413873967995564,1
2.36552287018199,1
0.7751592469526744,1
1.9606070618544509,1
1.1133600875080425,1
1.3053544973642943,1
1.4754857358517681,1
1.3390403590583433,1
1.5383214640445055,1
1.523614192514759,1
1.1586001421024168,1
2.449429498017289,1
2.3597767040837567,1
2.5200723368556353,1
1.3844778063584724,1
1.2033104482903043,1
1.5393288703409331,1
1.5147795562275903,1
1.1031474592941624,1
1.3387060639977177,1
1.5609106662010994,1
1.597978519325572,1
2.224931085436715,1
2.631060890820978,1
2.3630192578426628,1
1.0415281592553678,1
1.3495627504995995,1
2.2185567265619235,1
2.4951277328563113,1
2.1842401457714153,1
1.7405487009148082,1
1.8333692653808291,1
1.6951977515408476,1
1.9642635361363374,1
1.7421658105580684,1
1.0965278606307995,1
1.741597046056206,1
1.5981161231390721,1
1.2539789980150748,1
1.6548007662852195,1
1.4833674831221497,1
1.7569022607837887,1
1.6900762272736112,1
1.4963276650861774,1
1.3974334448203964,1
1.3539117889860535,1
1.103804631365914,1
1.3946195875573635,1
1.2941258769316417,1
1.3857460072159735,1
1.3750713140155433,1
0.9988241689458468,1
1.760716699743934,1
0.8690397164467478,1
1.4862968682398723,1
1.9984134207969755,1
1.1786919229677928,1
1.91508298737836,1
1.7996799711167664,1
1.930958312522931,1
1.8446869693977284,1
1.5613586441220448,1
1.7412399236215061,1
1.9145328593448994,1
1.9593695583745334,1
2.0838254260546476,1
1.9516552197540566,1
1.1219589464312127,1
2.0602456965044893,1
1.5865715034051846,1
1.0979641292643854,1
0.810619958666881,1
1.1338621639335158,1
0.5705947381124371,1
1.1893733699103013,1
1.4689009223706069,1
0.8246309768432095,1
1.471250373218018,1
0.8924100021274678,1
1.733731978931972,1
1.7504837040523304,1
1.0943472584810718,1
1.900992899146539,1
2.17977604962538,1
2.0386748384572364,1
1.1257464064026756,1
1.671058086527154,1
1.6606376684159307,1
1.2143586246246667,1
1.1558376799433796,1
1.1020235118891795,1
1.1449054767221996,1
1.0562071481729816,1
1.6255225482844966,1
1.8934007963915798,1
1.774380581100971,1
1.7754782092442998,1
1.1457321721171516,1
1.4966764456780741,1
1.6208824845496754,1
1.3832070031287995,1
0.9922401402356325,1
1.1408679329788456,1
1.6471536478025375,1
1.497347085816848,1
1.1475625374240161,1
1.0926889867463765,1
0.9646478254159752,1
1.0008931321053527,1
1.2172288067017227,1
1.3698831377008023,1
1.395890345291163,1
1.0772592490612858,1
0.9584868268853723,1
1.1653428813745192,1
1.0851291560146643,1
0.738167846109159,1
1.8915870598088027,1
1.7074699459850682,1
1.978446348200448,1
2.1622283155885342,1
2.054881431235381,1
1.9355917323925627,1
1.0949919456239354,1
1.23008000089905,1
1.5610887939754017,1
1.7147066648323206,1
1.7080569137253485,1
1.253208879423152,1
1.239808042956693,1
1.35638693298859,1
1.1841429846233056,1
1.6946625738251713,1
0.9600828453149739,1
1.2784682257267241,1
1.858417873454802,1
1.5675941652029266,1
1.7528664848758935,1
1.4339083834826856,1
2.2015615293292945,1
2.2038871215945197,1
1.6172798958043615,1
2.4135282323988894,1
1.9923325411555286,1
1.9293268641001082,1
1.448600293947021,1
2.009105484203492,1
1.160567091812923,1
1.8758182132834909,1
1.5428067246124053,1
2.160785883185323,1
1.8620467798208105,1
1.4388369870845368,1
1.28427071251292,1
1.5021468735016454,1
0.892729139978352,1
1.6195917921955152,1
1.8715121845889595,1
1.8540397546894134,1
1.8801977138978876,1
1.7979900795214558,1
1.6784234629823789,1
1.9030732702510669,1
1.9966757803234425,1
1.8998394495503568,1
1.2068781001415951,1
1.2653249783858025,1
1.7360911696758263,1
1.777402420053506,1
1.5379096271502009,1
0.9673460900632997,1
1.1577987880427232,1
1.539580687626199,1
1.4417248070903648,1
1.683691777289265,1
2.27293265579375,1
2.1282754507987396,1
2.067084929223998,1
1.5059761071713353,1
2.142815095800093,1
1.8665852876242714,1
1.6623041587759235,1
1.4921576498026135,1
1.8013402203562814,1
1.8095299811433947,1
0.9276354947143706,1
1.8259716031641904,1
2.189662187307023,1
2.3020657077647027,1
1.600599741850446,1
2.1447488784773605,1
2.239640438732494,1
2.0396481318231854,1
0.9716461768833029,1
1.276608817585774,1
1.0991107941937475,1
1.6801637015669322,1
1.797212530984047,1
1.6744638898005155,1
1.3810655333620596,1
1.1063320694006946,1
1.834969839318166,1
1.9579845476600033,1
2.0818299840749517,1
2.2705029123958473,1
2.3623754441764473,1
1.4050064043191097,1
2.726611146911384,1
2.2809145702390143,1
2.1131700923960737,1
2.8288768300213873,1
2.7714221506651997,1
1.740396645979033,1
2.1525469090836205,1
2.3143397771955585,1
1.4735591588455021,1
2.0558072049652907,1
2.0566980067394476,1
0.9369086653749419,1
1.4997535930669048,1
1.4843974277653547,1
0.6459320450000364,1
1.172863563259852,1
2.120331470317377,1
2.1810426775068694,1
0.9377984554836365,1
1.026016700718164,1
1.6661991093891757,1
1.681622603872602,1
1.3817710270928203,1
1.6220390459299914,1
1.6224743973779905,1
2.1374196331656283,1
1.9070664266528026,1
2.401362408499937,1
2.5014484325242474,1
2.299511675004413,1
2.251218285465726,1
1.635639255158711,1
2.2589402861133374,1
1.4999691853268062,1
1.4404547639203944,1
1.335538703309317,1
1.406349870590861,1
0.9880876327190744,1
1.149987913368864,1
1.2330973339182136,1
1.0712283299023992,1
1.450767954812581,1
1.1780386312761748,1
1.0535481939925477,1
2.153042100310154,1
1.0704062649675246,1
1.2983155810062057,1
1.3184442169086423,1
1.8471013209281946,1
1.6934562215580278,1
1.9101547392096947,1
1.855832268611441,1
1.7923962851130761,1
2.0661690232148158,1
1.5481723841959811,1
2.3827460973645547,1
1.4845004766404513,1
2.285580640419427,1
2.520036244508515,1
1.7085364266325973,1
1.2439962452047917,1
0.9652955754019936,1
1.3295903105386921,1
1.0874445417585317,1
0.8178829178650114,1
1.4239212946355884,1
1.7394246971014882,1
1.0245201352125635,1
1.4245926777109545,1
1.2537293936266092,1
2.267455294834518,1
2.534885768762628,1
2.333699155152304,1
2.3521104160067434,1
1.6914037473217594,1
1.654718456823835,1
1.7064365328096278,1
1.7558685366267786,1
1.5454573315506772,1
1.6941509815341484,1
1.6028804297396693,1
1.5126071907670304,1
0.981770963001934,1
1.2637230887670559,1
1.544087990898238,1
1.073470710714897,1
0.8340312507585265,1
0.693744732853054,1
1.509414986676008,1
0.8794285919966769,1
0.8649021183982494,1
0.7967464592459448,1
0.8370299565608207,1
2.095778645082932,1
2.536315894574279,1
1.8837828913646582,1
2.600027346290836,1
0.8709992523205733,1
2.26255873890125,1
2.5940119806821724,1
1.6322977168943957,1
2.342622779852188,1
2.475872433762864,1
2.6477675803902914,1
1.4705128467127493,1
2.507117124716052,1
1.942211350759614,1
1.3676105936145948,1
1.5021012762891854,1
1.9845696375873814,1
1.3716079024369743,1
1.595750775502112,1
1.3809283476405738,1
2.249666400963107,1
1.6086942813902387,1
0.8999604338622352,1
1.6904204124519653,1
1.6647862238360251,1
1.4338711020999917,1
0.9616716661090183,1
1.6937879578788426,1
1.8100969235606357,1
1.534810816925938,1
0.9605236921932246,1
1.3791533909973865,1
1.3371051132106866,1
1.1860944201101769,1
1.0322942389034442,1
2.084526778023595,1
2.2219833805585347,1
2.288199758591848,1
1.174139930172594,1
1.9659155349904305,1
1.90263906299993,1
2.788435309652171,1
0.8913293016281066,1
1.5309969357911555,1
1.5171947397963774,1
1.8645193862705876,1
2.2310579075884216,1
2.2296271185545344,1
2.2916243809517582,1
1.565925723256304,1
1.8698699964236607,1
1.9265451130063234,1
1.5229958803668826,1
0.8485698739487925,1
1.861077323736802,1
1.750811198592694,1
1.2871645368518407,1
1.3178429260697184,1
1.5033439855522033,1
1.28797716926195,1
1.7685065626857979,1
1.7303889949473306,1
1.6769020194671458,1
0.440458660104068,0
0.20351728298001712,0
0.22024333262347004,0
0.5113441098250694,0
0.4578944438961624,0
0.47159881434969203,0
0.49274764442519986,0
0.6334331863791823,0
0.4982394638530053,0
0.4988530018976517,0
0.5031331963033522,0
0.4692124956478375,0
0.5089120996521515,0
0.49238626224829757,0
0.5164147864664959,0
0.5039253244452658,0
0.45933119640992137,0
0.5233166761519035,0
0.4328872324839265,0
0.49313463575238103,0
0.41841274636381054,0
0.40985987010900293,0
0.4438382236903701,0
0.32301068047658626,0
0.3331518099075791,0
0.46893273629012994,0
0.34291704116394806,0
0.29638931486126113,0
0.287194215871384,0
0.2751066476246708,0
0.296555664324833,0
0.2901690619221351,0
0.26277159733409094,0
0.26965749621328516,0
0.6351496176244045,0
0.3939340013147727,0
0.27107382326024076,0
0.2706983819595001,0
0.27073346028761297,0
0.2742739461597694,0
0.37684861755443694,0
0.27272610154428323,0
0.25055578802068956,0
0.23975251286447713,0
0.37193520262121477,0
0.3842924377660297,0
0.46303669827658356,0
0.7103998986113156,0
0.4209978887719963,0
0.613544107984842,0
0.6913287131069931,0
0.6416712055589895,0
0.43358205601467154,0
0.4363851720205828,0
0.48092587730724407,0
0.42745124652178046,0
0.33315101949400455,0
0.3435497157685133,0
0.3148986038034037,0
0.4348400349246436,0
0.4017837788686965,0
0.5704757971195876,0
0.550002636878306,0
0.5212581106667049,0
0.561915961113576,0
0.5958593913269764,0
0.5007555958802543,0
0.7276723773011915,0
0.5677282610698879,0
0.9102504762841351,0
0.3751635973104277,0
0.3965804629483929,0
0.39752941223092264,0
0.4625631201742739,0
0.4941935959200237,0
0.33371059759820176,0
0.33364194425869154,0
0.304581010713625,0
0.31975306952988913,0
0.7302531819845849,0
0.3391682975604463,0
0.37411332470363756,0
0.35568031193468197,0
0.36605705547200224,0
0.43885800024445326,0
0.3646755332237618,0
0.3738111062899725,0
0.18049102784640098,0
0.2535327902437926,0
0.3290262605640677,0
0.3946177110978202,0
0.33001920087898173,0
0.817589376772026,0
0.4756813425144516,0
0.471068167409307,0
0.49481660280959483,0
0.42820019329168973,0
0.4494032907978961,0
0.4642394391271388,0
0.4861876314338184,0
0.5153890131034158,0
0.5040316609488256,0
0.7802642325935759,0
0.3837019159075413,0
0.415063956955026,0
0.648499019831322,0
0.33920708501583413,0
0.3498627404927954,0
0.34645437098222576,0
0.6834299780868485,0
0.7646482730901097,0
0.45993472671182956,0
0.522688332492262,0
0.4773625914081551,0
0.688681745005738,0
0.4346038522592161,0
0.4172806820495568,0
0.4183128142507616,0
0.4328961752909054,0
0.6439230002564788,0
0.4291421170134838,0
0.42206506792820286,0
0.4102434323170231,0
0.6016583750736229,0
0.3851295466433166,0
0.6159132848197877,0
0.6721230558227088,0
0.5554933785951015,0
0.5512826079584016,0
0.6637667991414341,0
0.6914200271150606,0
0.5633327606231574,0
0.5088991547431932,0
0.48027504551603833,0
0.48815729466972235,0
0.5245446388189446,0
0.5174077671392586,0
0.513882211656638,0
0.4860770095636071,0
0.4997916709414928,0
0.46461390790760443,0
0.4947515173877876,0
0.5086387317176911,0
0.43914147904698425,0
0.5454067371644679,0
0.6645346019672362,0
1.2786832388999483,0
0.9176651367703214,0
0.5009303091200319,0
0.500715216702142,0
0.2793580526578425,0
0.2958519633581839,0
0.6208595415678738,0
0.2996308987731938,0
0.2197522889248843,0
0.28784665550543853,0
0.43645902830254796,0
0.367472563454121,0
0.2689066114951955,0
0.29603668255600557,0
0.3476003177468549,0
0.48364897799008144,0
0.33305098655778514,0
0.29136032808306517,0
0.3403890133517921,0
0.338811086239369,0
0.3425142836210418,0
0.39518294468285453,0
0.3378866504808751,0
0.302883622149377,0
0.31151609114004786,0
0.3250145699653346,0
0.29895673459230054,0
0.32655726954789976,0
0.2961085182802153,0
0.3251638100739075,0
0.3541897050369865,0
0.27231891708330314,0
0.2801920311676411,0
0.27216625212223766,0
0.3221322995052407,0
0.3557761338195475,0
0.30798192072030783,0
0.3269717921795587,0
0.36468916642383087,0
0.41573125726254856,0
0.40897787482873316,0
0.43498134131751937,0
0.5543364382192448,0
0.5994120820137444,0
0.4443600371876419,0
0.6323450922592987,0
0.2886704239043289,0
0.3314305846540783,0
0.36304814380134387,0
0.3327351923463381,0
0.9958007099915077,0
0.40810599983010826,0
0.38129770206391,0
0.35569312651188295,0
0.373792132739321,0
0.3487021914356229,0
0.3670834268054691,0
0.9829774588411283,0
0.5260703098472985,0
0.6003524726096651,0
0.37664324101862867,0
0.36581043727193485,0
0.39226328048063974,0
0.3755080473263241,0
0.3227103890683196,0
0.32985290179327653,0
0.4247766032120724,0
0.49233150237366774,0
1.1870099421945257,0
0.550087924163537,0
0.31732934821908965,0
0.2927527718479655,0
0.6775714202416585,0
0.44560349456692655,0
0.5726812809158803,0
0.37841893088067635,0
0.3873130515635263,0
0.390683842794491,0
0.3892621168460373,0
0.6395377949392663,0
0.3791615623349775,0
0.39458703871646683,0
0.40893509794994587,0
0.676482936915881,0
0.40819012039499425,0
0.4275029767867226,0
0.42410457574512245,0
0.40264448181601276,0
0.45761466325261935,0
0.35668429041900535,0
0.38261361361788837,0
0.35697805505068797,0
0.5817463502123603,0
0.507472165563488,0
0.5073553123565723,0
0.5644259505574305,0
0.5163115689178255,0
0.5667735850240295,0
0.31979148423512876,0
0.29604560033796906,0
0.28100452590057506,0
0.28122007528168314,0
0.30653989637704043,0
0.2791198914254376,0
0.3095858072797413,0
0.3142412541281868,0
0.32362600415390846,0
0.29022546333281296,0
0.30126645355897114,0
0.3132357513764998,0
0.25955426460007464,0
0.27601990288366424,0
0.25117387705733674,0
0.31510972510868496,0
0.43662328058494404,0
0.38991132637034953,0
0.32767261166929684,0
0.35274705578721943,0
0.35926186146103667,0
0.8435191946636058,0
0.6433179607523596,0
0.6272688793862307,0
0.5966163347445216,0
0.6544624533500972,0
0.6869239006635168,0
0.6874079611344321,0
0.4616631430640149,0
0.6914500161712444,0
0.6928329069021902,0
0.4321374044404791,0
0.43362936915007205,0
0.3373353839260407,0
0.41894054295755256,0
0.394930069312162,0
0.4140289344539798,0
0.4601572828405977,0
0.32224708923590056,0
0.4258863648878257,0
0.32684156320519425,0
0.4531893297690052,0
0.4275879602375876,0
0.47338174495882246,0
0.4884237522589531,0
0.33785209602278315,0
0.24855873425313577,0
0.2824762977565947,0
0.6130469727363709,0
0.5733830916225259,0
0.3685231168154097,0
0.2302840407027246,0
0.48622718987595903,0
0.49212012345014994,0
0.4996212009886466,0
0.4932848861048163,0
0.4844170891034586,0
0.4814863256629121,0
0.48461930655308233,0
0.38286622297541434,0
0.42684385179670276,0
0.4213580668915807,0
0.2753525390825716,0
0.4203000795696344,0
0.412338145458425,0
0.4045956068194414,0
0.44279258736747656,0
0.40717857192020773,0
0.38444240630544924,0
0.4166019278528755,0
0.2650518136185303,0
0.42321982288846943,0
0.2914703979121775,0
0.691248427230778,0
0.39116427843499935,0
0.43752665557673626,0
0.407455895930149,0
0.2895785432708587,0
0.3033316085804685,0
0.2958919774888442,0
0.31363471126726133,0
0.36825350818777364,0
0.31634628129303266,0
0.3080535860036979,0
0.37404876188387903,0
0.3961026856147385,0
0.4772073317279271,0
0.4893019682651371,0
0.2952464710897189,0
0.32810841142909725,0
0.4338761007049776,0
0.4115124021790428,0
0.4590454806233288,0
0.49182859032896525,0
0.5633067916815812,0
0.5643566541847257,0
0.6068110577531748,0
0.5564606616611683,0
0.46704339424620633,0
0.39485218156514323,0
0.4617364511345324,0
0.5728626403549977,0
0.5919795353646168,0
0.597481105868083,0
0.5598058985593031,0
0.608575848330754,0
0.5550961863173687,0
0.6766782337248358,0
0.45832579025719966,0
0.5082235817042144,0
0.5664256175511366,0
0.4510887188528965,0
0.46149667665201227,0
0.5837418084742055,0
0.43554099437964217,0
0.5979041906669734,0
0.5195970839082229,0
0.511387288893921,0
0.6339028340638416,0
0.731145947769795,0
0.5702960627883834,0
0.4440313347473479,0
0.5066318089774507,0
0.4875440285741834,0
0.5147089367195605,0
0.6207833429661878,0
0.8300427806489212,0
0.4369422878780832,0
0.5928363488116513,0
0.33657094720607866,0
0.34152101974949683,0
0.3122467850668237,0
0.7197184523423891,0
0.5506263891882327,0
0.30537940655783835,0
0.3003092517426478,0
0.5599544132660833,0
0.2833649800649165,0
0.36164821503217687,0
0.3533988835405619,0
0.3472949029223975,0
0.3774790990583932,0
0.3502790151835781,0
0.606962988237659,0
0.27632859141376287,0
0.3936329046960314,0
0.30624263040785343,0
0.4224045435953611,0
0.6052310654628064,0
0.34625882024852295,0
0.5685273864572062,0
0.3357258043210265,0
0.3638156237734602,0
0.37722897438362973,0
0.38188144211692004,0
0.37006219185006095,0
0.4651005608269298,0
0.5391059835207123,0
1.000489280825167,0
0.9342997818924748,0
0.31397253490560273,0
0.7174906779553343,0
0.8223778396451888,0
1.228993838221679,0
0.2949058873254427,0
0.40594391581486616,0
0.5802624140533138,0
0.6161105057376218,0
1.0670234401901204,0
0.3344605833640887,0
0.314055137620843,0
0.3917512801517468,0
0.30364061717784885,0
0.31980431038150164,0
0.432700011810102,0
0.43993517177812985,0
0.4214837201218715,0
0.4160731474245075,0
0.48008913615845694,0
0.43801059314187546,0
0.37688708845699465,0
0.4621866945573482,0
0.42059420645157497,0
0.43479853724618345,0
0.41277165925611375,0
0.3340472732560852,0
0.3975118428540979,0
0.3670463608988586,0
0.3644100153844735,0
0.35530614062141624,0
0.3264659045577991,0
0.4068478535166778,0
0.38648834037665986,0
0.3814981999960723,0
0.4096955737528267,0
0.33962613004404246,0
0.316497428399652,0
0.3990572285100253,0
0.4322460054743489,0
0.40922031321841007,0
0.36738878588712065,0
0.4030903247582619,0
0.36101664282744245,0
0.5112423069511827,0
0.3516549385875459,0
0.4033129305683199,0
0.9266765194064137,0
0.3715954273045953,0
0.4264620565935198,0
0.31674042006721376,0
0.30770613992217194,0
0.3821092888143195,0
0.3716844093882774,0
0.33858035742893805,0
0.33521491812188137,0
0.3387645777952942,0
0.34741111743551256,0
0.34143119676065337,0
0.46118062371987395,0
0.47613880877164133,0
0.4550517220719106,0
0.47815860783832825,0
0.48879511177946583,0
0.4918834566753189,0
0.3657500182551278,0
0.4623950726554476,0
0.35179179874096084,0
0.35371120082838037,0
0.4039362477399793,0
0.32403035309260975,0
0.34338970842922645,0
0.3678433275745324,0
0.31741412836943417,0
0.3789863834425433,0
0.39052058460433675,0
0.3342841717627167,0
0.2985625591333587,0
0.3964599508135527,0
0.318188022047605,0
0.3241479320212427,0
0.35231716433736765,0
0.36843618038308235,0
0.34685742966977956,0
0.3614267638625511,0
0.45774712004109935,0
0.5189422524525913,0
0.42697014235812364,0
0.4715888678610506,0
0.414906443944124,0
0.5085143856935415,0
0.34725863496227183,0
0.5150015597607013,0
0.5776466988968324,0
0.3922801654999015,0
0.5516668204379224,0
0.36459917698127586,0
0.3529309255488845,0
0.4684801980290724,0
0.4965324415194185,0
0.4315819553227663,0
0.31361946464440227,0
0.20450301313479563,0
0.39197885826328616,0
0.3740672398961277,0
0.3640357642460484,0
0.3272668112214635,0
0.3887860429138528,0
0.3882083984613911,0
0.3661507705455927,0
0.405614211442747,0
0.4091487133312232,0
0.3934254603721261,0
0.5988308550519,0
0.4668344432116484,0
0.5065785283191868,0
0.41662629537099294,0
0.33363701074136093,0
0.3576213121046936,0
0.39217172101712894,0
0.4055988846617851,0
0.4200885236335408,0
0.43170520210513275,0
0.316602151800103,0
0.3725504784484156,0
0.38039601295371983,0
0.39793228350562654,0
0.3776956786802601,0
0.38467348508816146,0
0.38874330576049315,0
0.39517856154971315,0
0.3767090272122152,0
0.46510854211358066,0
0.44618442658380125,0
0.4367564649039564,0
0.4346301917690273,0
0.3580457433206116,0
0.4317855398395596,0
0.38595607683402955,0
0.4493082213157825,0
0.4522818225418741,0
0.4020999495384118,0
0.45106319351985125,0
0.4914397045908572,0
0.3950690577815134,0
0.49852126516687506,0
0.4607501417183743,0
0.3671405894926913,0
0.3532977596590222,0
0.5312770051099645,0
0.4321276937677739,0
0.5014132903661018,0
0.4046220019895879,0
0.3518330821946711,0
0.39323664795560664,0
0.4785236869609616,0
0.5633908415399871,0
0.4162358873155162,0
0.48839511528142976,0
0.41517818373368426,0
0.43159045072152563,0
0.4631864119734394,0
0.4689608660434076,0
0.8056541570285263,0
0.48165470064488897,0
0.4415819851379357,0
0.48183080647401794,0
0.4815566502218743,0
0.4420682328526054,0
0.5715719498698068,0
0.4790565243962142,0
0.5463414815317723,0
0.525105502858975,0
0.6580248630188125,0
0.45594543313583036,0
0.4743798000424495,0
0.39849471370868306,0
0.43463748791173046,0
0.5344623792817899,0
0.5587156614375262,0
0.5356181212167376,0
0.521555733861414,0
0.5381356503872087,0
0.5174769463988518,0
0.49999282366594194,0
0.5162004341793193,0
0.40831273893610626,0
0.4016672157706135,0
0.3754791498104876,0
0.39067849343062433,0
0.36673892216165005,0
0.41387345466233755,0
0.386352682347835,0
0.3955281306387988,0
0.3800350749373353,0
0.47333012829487603,0
0.3830194436217168,0
0.8916056704078088,0
0.4049403955639039,0
0.4003187933826046,0
0.4182839636487639,0
0.43040566517136636,0
0.4212168234588012,0
0.3660786661995421,0
0.4024002330772789,0
0.699263205864633,0
0.533402215983788,0
0.523831903015032,0
0.44831880232811905,0
0.494167881243751,0
0.45812238267137373,0
0.4704336872059441,0
0.44165211269174687,0
0.440896393949749,0
0.40592828844837403,0
0.4320120005965525,0
0.46180360120675584,0
0.46870763261583026,0
0.4901645620353926,0
0.4725837036669059,0
0.48521505925238895,0
0.2982060061763051,0
0.34091698234433004,0
0.29820757915538887,0
0.2994717791616729,0
0.3389503838060685,0
0.3761523961137165,0
0.27411605334541356,0
0.29238742712604265,0
0.2458635362180675,0
0.7671877465877581,0
0.5204078502642223,0
0.2987108776328818,0
0.29720397840889246,0
0.32954434215328826,0
0.3054421735088816,0
0.28161496149456716,0
0.495016356127501,0
0.44746443849351664,0
0.5022338517050072,0
0.4910090315002035,0
0.29738051823395967,0
0.5325608547509288,0
0.5069925871708422,0
0.5045694844696978,0
0.4502621222876434,0
0.329403731095095,0
0.48414245701938474,0
0.3238974445861586,0
0.4663619330001703,0
0.5021434081252011,0
0.42820254727153434,0
0.6035911027744706,0
0.5183964381209838,0
0.3333326630089589,0
0.46775794292892825,0
0.4826118314438624,0
0.4518261914108275,0
0.5009067250123226,0
0.4663856819533351,0
0.5033831826739105,0
0.3167755511515815,0
0.47292964027788575,0
0.645960030469293,0
0.4503490569775885,0
0.5028946118946154,0
0.26815160027711266,0
0.29553695304261707,0
0.2909943133505233,0
0.28091608111192734,0
0.3031504382303427,0
0.48333902352015906,0
0.4620651029548547,0
0.43880141342278023,0
0.4307150441861151,0
0.4540876674345574,0
0.43226829891122454,0
0.23364954040427105,0
0.22723228575861262,0
0.2986980245891043,0
0.2301693326643965,0
0.6197640649570312,0
0.29897155711344026,0
0.4205969412807398,0
0.3036309402640068,0
0.4719409545738987,0
0.3034692609954827,0
0.40609779249245126,0
0.33948220732684536,0
0.22973457370853742,0
0.33368682104495084,0
0.3377618451969013,0
0.4360685358536599,0
0.5706539046658116,0
0.3806339518855372,0
0.3887845176274883,0
0.32529376070638816,0
0.29392051383743334,0
0.2842891074631422,0
0.29653515093913874,0
0.3141670149097148,0
0.3107668226724324,0
0.31310961064041437,0
0.6352929671438643,0
0.2759095578553306,0
0.27151522015209634,0
0.2126692468676833,0
0.384733872131604,0
0.26057075758935366,0
0.29359690904201774,0
0.4567891577141881,0
0.23209476805858453,0
0.1660171359902745,0
0.3534129717217406,0
0.19086831054966108,0
0.20846499728292744,0
0.1654142048097135,0
